{"train_loss": [1.8126467704772948, 1.7117300384574465, 1.6660693804423015, 1.6313364492522346, 1.6147970643308427, 1.5925453384717305, 1.5763644503222571, 1.5633709139294094, 1.5535139977931975, 1.5360634711053636, 1.5290775901741451, 1.517341481314765, 1.5078074587715997, 1.497773579094145, 1.4874669399526383, 1.4801946885055965, 1.4772276547220018, 1.465127323071162, 1.4555000444253285, 1.4494231118096246, 1.4473956849839953, 1.4387515743573507, 1.4303587012820773, 1.4217286162906222, 1.4131084064642587, 1.4086510095331404, 1.4026394883791606, 1.4033094353146023, 1.38855469028155, 1.3822338958581288, 1.3813947015338475, 1.3719376060697768, 1.366551658180025, 1.3614940835369957, 1.358827672402064, 1.3565137227376303, 1.353736213180754, 1.343733145793279, 1.3412996603382958, 1.3357250021563636, 1.3305658598740895, 1.3280711690584819, 1.3237672938240899, 1.32176383667522, 1.3155660370985667, 1.308334653907352, 1.3068199005391863, 1.2984390616416932, 1.2927333460913764, 1.293134684695138, 1.2886351413196988, 1.2821270393000708, 1.2766161163647969, 1.2749929885069529, 1.269943599568473, 1.2678955932458242, 1.264435953564114, 1.259096884727478, 1.257527216937807, 1.250261586242252, 1.2488382425573137, 1.2440489729245503, 1.2436147014300027, 1.2378341853618622, 1.2348644468519423, 1.2322325865427652, 1.229701633585824, 1.2262166864342159, 1.2192137479782104, 1.2144130693541633, 1.2093580656581455, 1.2122726500034333, 1.205003426472346, 1.199482539627287, 1.2020520938767327, 1.2008486694759792, 1.1947060459189944, 1.1909456782870822, 1.1871032294299868, 1.1851711809635161, 1.1818833698829014, 1.182705936498112, 1.1787746912903256, 1.1733149694071876, 1.17197202179167, 1.1674770775768493, 1.165380350417561, 1.1569140152798758, 1.1561618391010495, 1.1540655672550202, 1.1458841469552783, 1.1480871309836707, 1.1411630259619818, 1.1405339337057538, 1.1363394677639007, 1.1311797757943471, 1.125920260614819, 1.1254538529449039, 1.1229981915818321, 1.1190504795975156], "train_acc": [0.34260710553814, 0.36267850923023337, 0.38601532567049807, 0.39354754440961337, 0.4012539184952978, 0.4076541274817137, 0.413662486938349, 0.41988854057819575, 0.4278126088470916, 0.4337338906304424, 0.43434343434343436, 0.4407871821664925, 0.4471873911529084, 0.4499303378613723, 0.45367467781260884, 0.4572448624172762, 0.4625130616509927, 0.466388018112156, 0.46660571229536746, 0.4742685475444096, 0.47596656217345873, 0.4774468826192964, 0.4818443051201672, 0.48167014977359807, 0.4885057471264368, 0.49094392197840475, 0.49316440264716127, 0.49791013584117033, 0.49869383490073144, 0.5001306165099269, 0.5016544757924069, 0.5066179031696273, 0.5092302333681644, 0.5104928596307907, 0.5139324277255312, 0.5160222918843609, 0.5154998258446535, 0.5184604667363288, 0.5188958551027516, 0.5219435736677116, 0.5250783699059561, 0.5277777777777778, 0.5300853361198189, 0.5293016370602578, 0.5330024381748519, 0.5330024381748519, 0.5362678509230233, 0.5378352490421456, 0.5412312783002439, 0.5444096133751306, 0.5443225357018461, 0.5468913270637409, 0.54858934169279, 0.5490682688958551, 0.5509404388714734, 0.5525949146638802, 0.5564263322884012, 0.5576889585510275, 0.5586903517938001, 0.5597788227098572, 0.5624346917450366, 0.56326192964124, 0.5650034831069314, 0.5672675026123302, 0.5695315221177291, 0.5680947405085336, 0.570750609543713, 0.5735806339254615, 0.5729275513758273, 0.5757140369209335, 0.5763671194705677, 0.5779780564263323, 0.5787617554858934, 0.5822448624172762, 0.5830721003134797, 0.5855973528387322, 0.5858150470219435, 0.5889933820968304, 0.5900818530128875, 0.5920846394984326, 0.5922587948450018, 0.5931295715778474, 0.5960902124695228, 0.5948711250435388, 0.5983542319749217, 0.5983977708115639, 0.6021856495994427, 0.6026210379658655, 0.6030128874956461, 0.6062783002438175, 0.6062347614071752, 0.6089341692789969, 0.6104144897248346, 0.6116771159874608, 0.6128962034134448, 0.6155520724486242, 0.6160745384883316, 0.6174677812608848, 0.6188610240334378, 0.6189045628700801], "val_acc": [0.350113220693259, 0.37362828775474655, 0.3995819543633513, 0.4077686814143877, 0.4150844800557394, 0.41821982233060445, 0.4269291064274517, 0.43529001916042503, 0.4429541891656506, 0.44121233234628116, 0.45009580212506534, 0.4504441734889392, 0.4577599721302909, 0.45950182894966035, 0.46298554258839925, 0.4666434419090751, 0.47343668350461593, 0.4753527260059223, 0.4784880682807873, 0.48441038146664345, 0.4861522382860129, 0.4861522382860129, 0.4901585089705626, 0.49102943738024735, 0.49329385124542763, 0.4966033792022296, 0.5007838355687163, 0.5006096498867794, 0.504964291935203, 0.5056610346629508, 0.5089705626197527, 0.5093189339836266, 0.5077512628461941, 0.5101898623933113, 0.5138477617139872, 0.5145445044417349, 0.5162863612611044, 0.5173314753527261, 0.5168089183069152, 0.5169831039888522, 0.5209893746734019, 0.5201184462637172, 0.5244730883121408, 0.5232537885385822, 0.5234279742205191, 0.5263891308134472, 0.5256923880856994, 0.5305695871799339, 0.5256923880856994, 0.5293502874063752, 0.5305695871799339, 0.5316147012715555, 0.5303954014979969, 0.5361435290019161, 0.536317714683853, 0.5370144574116008, 0.5404981710503397, 0.5378853858212855, 0.5406723567322766, 0.5413690994600244, 0.5429367705974569, 0.5429367705974569, 0.5455495558265111, 0.5448528130987633, 0.5472914126458805, 0.5472914126458805, 0.5497300121929978, 0.5472914126458805, 0.5511234976484933, 0.5511234976484933, 0.5509493119665564, 0.5502525692388086, 0.5542588399233583, 0.5525169831039889, 0.5547813969691692, 0.5532137258317367, 0.5563490681066017, 0.5560006967427278, 0.5573941821982233, 0.5573941821982233, 0.5573941821982233, 0.55530395401498, 0.5566974394704756, 0.5594844103814667, 0.5601811531092145, 0.5594844103814667, 0.5600069674272775, 0.5570458108343495, 0.56157463856471, 0.5591360390175928, 0.5622713812924578, 0.5605295244730883, 0.5624455669743947, 0.5607037101550253, 0.5620971956105209, 0.5626197526563317, 0.5638390524298903, 0.5626197526563317, 0.5655809092492597, 0.5627939383382686]}